{"cameraMode":{"drawMode":0,"name":"Shaded","section":"Shading Mode"},"sceneLighting":true,"audioPlay":false,"sceneViewState":{"showFog":true,"showMaterialUpdate":false,"showSkybox":true,"showFlares":true,"showImageEffects":true,"showParticleSystems":true},"in2DMode":false,"pivot":{"x":421.1773376464844,"y":-74.11784362792969,"z":405.7740478515625},"rotation":{"x":0.1671602576971054,"y":0.4638133645057678,"z":-0.0895889550447464,"w":0.8653976917266846},"size":131.33688354492188,"orthographic":false}